Workbook

Sheet Participants
A1: Participant | B1: Team 1 | C1: Team 2 | D1: Team 3 | H1: Total Points
A2: Arsha | B2: Morocco | C2: Bosnia-Herzegovina | D2: Switzerland | E2: =_xlfn.XLOOKUP(B2,standings!$C:$C,standings!$I:$I,0) -> 4 | F2: =_xlfn.XLOOKUP(C2,standings!$C:$C,standings!$I:$I,0) -> 1 | G2: =_xlfn.XLOOKUP(D2,standings!$C:$C,standings!$I:$I,0) -> 4 | H2: =SUM(E2:G2) -> 9
A3: Abhilasha | B3: Ivory Coast | C3: United States | D3: Panama | E3: =_xlfn.XLOOKUP(B3,standings!$C:$C,standings!$I:$I,0) -> 6 | F3: =_xlfn.XLOOKUP(C3,standings!$C:$C,standings!$I:$I,0) -> 6 | G3: =_xlfn.XLOOKUP(D3,standings!$C:$C,standings!$I:$I,0) -> 0 | H3: =SUM(E3:G3) -> 12
A4: Jayshree | B4: Colombia | C4: England | D4: Ghana | E4: =_xlfn.XLOOKUP(B4,standings!$C:$C,standings!$I:$I,0) -> 3 | F4: =_xlfn.XLOOKUP(C4,standings!$C:$C,standings!$I:$I,0) -> 3 | G4: =_xlfn.XLOOKUP(D4,standings!$C:$C,standings!$I:$I,0) -> 3 | H4: =SUM(E4:G4) -> 9
A5: Arvinder | B5: Japan | C5: Canada | D5: South Korea | E5: =_xlfn.XLOOKUP(B5,standings!$C:$C,standings!$I:$I,0) -> 1 | F5: =_xlfn.XLOOKUP(C5,standings!$C:$C,standings!$I:$I,0) -> 4 | G5: =_xlfn.XLOOKUP(D5,standings!$C:$C,standings!$I:$I,0) -> 3 | H5: =SUM(E5:G5) -> 8
A6: Himanshu | B6: Germany | C6: Cape Verde Islands | D6: Austria | E6: =_xlfn.XLOOKUP(B6,standings!$C:$C,standings!$I:$I,0) -> 3 | F6: =_xlfn.XLOOKUP(C6,standings!$C:$C,standings!$I:$I,0) -> 1 | G6: =_xlfn.XLOOKUP(D6,standings!$C:$C,standings!$I:$I,0) -> 3 | H6: =SUM(E6:G6) -> 7
A7: Divya | B7: Australia | C7: Argentina | D7: Iran | E7: =_xlfn.XLOOKUP(B7,standings!$C:$C,standings!$I:$I,0) -> 3 | F7: =_xlfn.XLOOKUP(C7,standings!$C:$C,standings!$I:$I,0) -> 3 | G7: =_xlfn.XLOOKUP(D7,standings!$C:$C,standings!$I:$I,0) -> 1 | H7: =SUM(E7:G7) -> 7
A8: Swapnil | B8: Algeria | C8: Jordan | D8: Mexico | E8: =_xlfn.XLOOKUP(B8,standings!$C:$C,standings!$I:$I,0) -> 0 | F8: =_xlfn.XLOOKUP(C8,standings!$C:$C,standings!$I:$I,0) -> 0 | G8: =_xlfn.XLOOKUP(D8,standings!$C:$C,standings!$I:$I,0) -> 6 | H8: =SUM(E8:G8) -> 6
A9: Rudu | B9: Brazil | C9: Scotland | D9: Qatar | E9: =_xlfn.XLOOKUP(B9,standings!$C:$C,standings!$I:$I,0) -> 4 | F9: =_xlfn.XLOOKUP(C9,standings!$C:$C,standings!$I:$I,0) -> 3 | G9: =_xlfn.XLOOKUP(D9,standings!$C:$C,standings!$I:$I,0) -> 1 | H9: =SUM(E9:G9) -> 8
A10: Prasan | B10: Uruguay | C10: Sweden | D10: Spain | E10: =_xlfn.XLOOKUP(B10,standings!$C:$C,standings!$I:$I,0) -> 1 | F10: =_xlfn.XLOOKUP(C10,standings!$C:$C,standings!$I:$I,0) -> 3 | G10: =_xlfn.XLOOKUP(D10,standings!$C:$C,standings!$I:$I,0) -> 1 | H10: =SUM(E10:G10) -> 5
A11: Amruta | B11: Belgium | C11: France | D11: Croatia | E11: =_xlfn.XLOOKUP(B11,standings!$C:$C,standings!$I:$I,0) -> 1 | F11: =_xlfn.XLOOKUP(C11,standings!$C:$C,standings!$I:$I,0) -> 3 | G11: =_xlfn.XLOOKUP(D11,standings!$C:$C,standings!$I:$I,0) -> 0 | H11: =SUM(E11:G11) -> 4
A12: Vaibhav | B12: Norway | C12: Saudi Arabia | D12: Uzbekistan | E12: =_xlfn.XLOOKUP(B12,standings!$C:$C,standings!$I:$I,0) -> 3 | F12: =_xlfn.XLOOKUP(C12,standings!$C:$C,standings!$I:$I,0) -> 1 | G12: =_xlfn.XLOOKUP(D12,standings!$C:$C,standings!$I:$I,0) -> 0 | H12: =SUM(E12:G12) -> 4
A13: Bharath | B13: Congo DR | C13: Paraguay | D13: Egypt | E13: =_xlfn.XLOOKUP(B13,standings!$C:$C,standings!$I:$I,0) -> 1 | F13: =_xlfn.XLOOKUP(C13,standings!$C:$C,standings!$I:$I,0) -> 3 | G13: =_xlfn.XLOOKUP(D13,standings!$C:$C,standings!$I:$I,0) -> 1 | H13: =SUM(E13:G13) -> 5
... A17: Raksha | B17: Haiti | C17: Iraq | D17: Senegal | E17: =_xlfn.XLOOKUP(B17,standings!$C:$C,standings!$I:$I,0) -> 0 | F17: =_xlfn.XLOOKUP(C17,standings!$C:$C,standings!$I:$I,0) -> 0 | G17: =_xlfn.XLOOKUP(D17,standings!$C:$C,standings!$I:$I,0) -> 0 | H17: =SUM(E17:G17) -> 0

Sheet standings
A1: Group | B1: Position | C1: Team | D1: Code | E1: Played | F1: Won | G1: Draw | H1: Lost | I1: Points | J1: GoalsFor | K1: GoalsAgainst | L1: GoalDifference
A2: Group A | B2: 1 | C2: Mexico | D2: MEX | E2: 2 | F2: 2 | G2: 0 | H2: 0 | I2: 6 | J2: 3 | K2: 0 | L2: 3
A3: Group A | B3: 2 | C3: South Korea | D3: KOR | E3: 2 | F3: 1 | G3: 0 | H3: 1 | I3: 3 | J3: 2 | K3: 2 | L3: 0
A4: Group A | B4: 3 | C4: Czechia | D4: CZE | E4: 2 | F4: 0 | G4: 1 | H4: 1 | I4: 1 | J4: 2 | K4: 3 | L4: -1
A5: Group A | B5: 4 | C5: South Africa | D5: RSA | E5: 2 | F5: 0 | G5: 1 | H5: 1 | I5: 1 | J5: 1 | K5: 3 | L5: -2
A6: Group B | B6: 1 | C6: Canada | D6: CAN | E6: 2 | F6: 1 | G6: 1 | H6: 0 | I6: 4 | J6: 7 | K6: 1 | L6: 6
A7: Group B | B7: 2 | C7: Switzerland | D7: SUI | E7: 2 | F7: 1 | G7: 1 | H7: 0 | I7: 4 | J7: 5 | K7: 2 | L7: 3
A8: Group B | B8: 3 | C8: Bosnia-Herzegovina | D8: BIH | E8: 2 | F8: 0 | G8: 1 | H8: 1 | I8: 1 | J8: 2 | K8: 5 | L8: -3
A9: Group B | B9: 4 | C9: Qatar | D9: QAT | E9: 2 | F9: 0 | G9: 1 | H9: 1 | I9: 1 | J9: 1 | K9: 7 | L9: -6
A10: Group C | B10: 1 | C10: Brazil | D10: BRA | E10: 2 | F10: 1 | G10: 1 | H10: 0 | I10: 4 | J10: 4 | K10: 1 | L10: 3
A11: Group C | B11: 2 | C11: Morocco | D11: MAR | E11: 2 | F11: 1 | G11: 1 | H11: 0 | I11: 4 | J11: 2 | K11: 1 | L11: 1
A12: Group C | B12: 3 | C12: Scotland | D12: SCO | E12: 2 | F12: 1 | G12: 0 | H12: 1 | I12: 3 | J12: 1 | K12: 1 | L12: 0
A13: Group C | B13: 4 | C13: Haiti | D13: HAI | E13: 2 | F13: 0 | G13: 0 | H13: 2 | I13: 0 | J13: 0 | K13: 4 | L13: -4
... A49: Group L | B49: 4 | C49: Croatia | D49: CRO | E49: 1 | F49: 0 | G49: 0 | H49: 1 | I49: 0 | J49: 2 | K49: 4 | L49: -2
